source,target,weight,cost,length,capacity,failure_prob
node_14,node_3,18670,18670,18.67,800,0.011
node_13,node_69,2630,2630,2.63,1200,0.006
node_11,node_27,6200,6200,6.2,500,0.019
node_69,node_53,5900,5900,5.9,1000,0.025
node_0,node_20,17600,17600,17.6,1000,0.012
node_27,node_43,3000,3000,3.0,1200,0.007
node_44,node_77,6980,6980,6.98,500,0.023
node_68,node_15,24340,24340,24.34,1200,0.007
node_37,node_79,22190,22190,22.19,1000,0.019
node_8,node_5,16700,16700,16.7,1000,0.03
node_29,node_12,9810,9810,9.81,1200,0.021
node_46,node_20,9570,9570,9.57,800,0.022
node_9,node_77,16060,16060,16.06,800,0.009
node_48,node_34,24740,24740,24.74,800,0.022
node_7,node_29,20630,20630,20.63,1000,0.015
node_8,node_27,22870,22870,22.87,1000,0.01
node_63,node_50,22170,22170,22.17,1200,0.009
node_17,node_31,18750,18750,18.75,1000,0.024
node_54,node_74,10290,10290,10.29,800,0.03
node_17,node_65,12590,12590,12.59,500,0.027
node_19,node_20,19910,19910,19.91,1200,0.02
node_49,node_48,15100,15100,15.1,1200,0.018
node_70,node_1,17170,17170,17.17,500,0.022
node_68,node_34,19330,19330,19.33,1000,0.008
node_55,node_20,11620,11620,11.62,1000,0.029
node_22,node_64,22860,22860,22.86,1000,0.026
node_64,node_77,5370,5370,5.37,1000,0.024
node_69,node_67,23000,23000,23.0,1000,0.017
node_14,node_46,22030,22030,22.03,1000,0.011
node_30,node_72,23700,23700,23.7,500,0.023
node_8,node_68,19260,19260,19.26,800,0.021
node_70,node_21,6990,6990,6.99,1200,0.029
node_69,node_25,17970,17970,17.97,1200,0.03
node_47,node_56,22540,22540,22.54,1200,0.008
node_28,node_8,8780,8780,8.78,800,0.02
node_0,node_9,17840,17840,17.84,500,0.011
node_4,node_42,2240,2240,2.24,800,0.012
node_62,node_27,13710,13710,13.71,1200,0.011
node_60,node_52,5170,5170,5.17,500,0.021
node_45,node_54,10570,10570,10.57,500,0.022
node_12,node_7,10360,10360,10.36,1000,0.025
node_13,node_31,5190,5190,5.19,1200,0.009
node_23,node_35,11830,11830,11.83,500,0.016
node_70,node_12,1740,1740,1.74,500,0.029
node_30,node_21,10460,10460,10.46,1200,0.01
node_51,node_7,4530,4530,4.53,500,0.03
node_33,node_58,7490,7490,7.49,1200,0.009
node_37,node_27,24230,24230,24.23,500,0.024
node_7,node_6,14810,14810,14.81,800,0.006
node_65,node_10,21360,21360,21.36,500,0.02
node_30,node_51,3440,3440,3.44,800,0.019
node_5,node_79,2510,2510,2.51,1000,0.028
node_26,node_40,6350,6350,6.35,1200,0.008
node_38,node_58,8250,8250,8.25,500,0.005
node_79,node_72,24900,24900,24.9,500,0.018
node_64,node_33,3750,3750,3.75,1000,0.027
node_31,node_47,7480,7480,7.48,1200,0.026
node_38,node_78,24600,24600,24.6,500,0.022
node_70,node_38,23330,23330,23.33,500,0.028
node_17,node_33,3330,3330,3.33,500,0.024
node_19,node_34,7400,7400,7.4,800,0.023
node_26,node_33,12880,12880,12.88,1000,0.028
node_6,node_11,16040,16040,16.04,1000,0.006
node_42,node_16,16110,16110,16.11,1000,0.009
node_56,node_70,17790,17790,17.79,500,0.008
node_19,node_69,1380,1380,1.38,1000,0.02
node_18,node_55,3620,3620,3.62,1000,0.014
node_5,node_45,5650,5650,5.65,800,0.022
node_45,node_71,22160,22160,22.16,1200,0.029
node_19,node_30,21680,21680,21.68,800,0.027
node_3,node_22,18550,18550,18.55,1000,0.025
node_52,node_31,7040,7040,7.04,500,0.015
node_4,node_60,5950,5950,5.95,1200,0.014
node_29,node_28,1080,1080,1.08,800,0.015
node_35,node_8,24190,24190,24.19,1000,0.014
node_65,node_51,17150,17150,17.15,1000,0.028
node_14,node_33,4870,4870,4.87,1000,0.006
node_76,node_55,8970,8970,8.97,1000,0.016
node_65,node_14,9940,9940,9.94,800,0.011
node_55,node_0,13240,13240,13.24,800,0.014
node_8,node_42,15770,15770,15.77,500,0.023
node_38,node_64,8080,8080,8.08,1200,0.013
node_37,node_70,3620,3620,3.62,1200,0.022
node_48,node_22,15580,15580,15.58,1000,0.015
node_0,node_38,7530,7530,7.53,1200,0.025
node_77,node_41,11890,11890,11.89,1200,0.022
node_65,node_60,19950,19950,19.95,800,0.021
node_36,node_65,16760,16760,16.76,1000,0.007
node_30,node_39,6000,6000,6.0,800,0.009
node_5,node_31,24610,24610,24.61,500,0.016
node_73,node_24,18100,18100,18.1,1200,0.017
node_31,node_18,16570,16570,16.57,500,0.027
node_13,node_54,5860,5860,5.86,1200,0.006
node_31,node_15,11680,11680,11.68,1200,0.022
node_71,node_76,8270,8270,8.27,1200,0.02
node_64,node_54,20850,20850,20.85,1200,0.027
node_60,node_57,6850,6850,6.85,800,0.026
node_35,node_66,12370,12370,12.37,800,0.012
node_9,node_36,6250,6250,6.25,1000,0.013
node_69,node_10,3890,3890,3.89,800,0.015
node_19,node_27,2070,2070,2.07,1200,0.013
node_59,node_53,2030,2030,2.03,1200,0.015
node_74,node_2,21490,21490,21.49,1200,0.017
node_45,node_38,18960,18960,18.96,1200,0.018
node_69,node_77,22500,22500,22.5,1200,0.01
node_55,node_62,1210,1210,1.21,1000,0.022
node_51,node_21,21090,21090,21.09,800,0.03
node_68,node_3,22720,22720,22.72,500,0.007
node_54,node_17,21740,21740,21.74,800,0.006
node_48,node_41,5690,5690,5.69,1000,0.013
node_48,node_35,18920,18920,18.92,1200,0.011
node_10,node_60,970,970,0.97,500,0.03
node_44,node_28,16430,16430,16.43,500,0.024
node_31,node_25,21060,21060,21.06,800,0.011
node_60,node_14,14320,14320,14.32,800,0.017
node_32,node_47,4610,4610,4.61,500,0.024
node_20,node_39,3150,3150,3.15,500,0.028
node_73,node_48,10220,10220,10.22,800,0.007
node_38,node_76,20240,20240,20.24,500,0.014
node_54,node_47,2190,2190,2.19,1000,0.005
node_53,node_62,3090,3090,3.09,1000,0.021
node_58,node_19,11170,11170,11.17,1000,0.02
node_68,node_61,11890,11890,11.89,1000,0.013
node_31,node_11,7330,7330,7.33,1200,0.011
node_59,node_72,15450,15450,15.45,1200,0.013
node_63,node_41,4960,4960,4.96,800,0.014
node_33,node_43,7350,7350,7.35,1000,0.019
node_66,node_24,2600,2600,2.6,1200,0.017
node_30,node_60,16320,16320,16.32,1200,0.016
node_2,node_11,7710,7710,7.71,1200,0.022
node_39,node_74,9540,9540,9.54,1000,0.016
node_70,node_42,9120,9120,9.12,1200,0.012
node_32,node_29,3460,3460,3.46,800,0.013
node_68,node_23,5190,5190,5.19,1200,0.012
node_75,node_67,15120,15120,15.12,500,0.026
node_37,node_29,9340,9340,9.34,1000,0.005
node_68,node_16,7220,7220,7.22,500,0.019
node_16,node_62,3010,3010,3.01,500,0.019
node_60,node_61,11290,11290,11.29,800,0.029
node_32,node_61,3300,3300,3.3,500,0.015
node_9,node_73,15920,15920,15.92,500,0.009
node_72,node_38,2590,2590,2.59,800,0.008
node_53,node_77,15110,15110,15.11,800,0.024
node_48,node_57,22760,22760,22.76,1000,0.027
node_54,node_39,14430,14430,14.43,500,0.02
node_12,node_26,15830,15830,15.83,1000,0.022
node_20,node_30,4760,4760,4.76,500,0.009
node_52,node_57,17390,17390,17.39,1200,0.012
node_29,node_36,17820,17820,17.82,1200,0.007
node_29,node_33,19800,19800,19.8,800,0.016
node_69,node_28,16370,16370,16.37,1000,0.026
node_9,node_7,4570,4570,4.57,1000,0.02
node_72,node_36,11260,11260,11.26,1200,0.022
node_51,node_34,12760,12760,12.76,1200,0.016
node_76,node_5,22290,22290,22.29,1000,0.02
node_3,node_11,6110,6110,6.11,500,0.03
node_34,node_73,1490,1490,1.49,800,0.017
node_56,node_35,4950,4950,4.95,1200,0.021
node_62,node_11,12020,12020,12.02,1200,0.013
node_13,node_20,8580,8580,8.58,1200,0.012
node_51,node_70,1400,1400,1.4,500,0.013
node_41,node_14,24270,24270,24.27,1200,0.027
node_0,node_69,11820,11820,11.82,500,0.01
node_46,node_79,19030,19030,19.03,1200,0.024
node_26,node_34,13960,13960,13.96,1000,0.016
node_62,node_15,1210,1210,1.21,800,0.023
node_39,node_70,840,840,0.84,1200,0.007
node_14,node_59,23700,23700,23.7,800,0.017
node_37,node_65,17780,17780,17.78,1200,0.026
node_60,node_31,11690,11690,11.69,800,0.015
node_76,node_65,18780,18780,18.78,800,0.027
node_35,node_53,8830,8830,8.83,1000,0.026
node_36,node_38,21020,21020,21.02,1200,0.027
node_57,node_68,12370,12370,12.37,1000,0.019
node_69,node_48,11660,11660,11.66,1000,0.027
node_30,node_73,9880,9880,9.88,1200,0.006
node_60,node_48,9960,9960,9.96,800,0.017
node_4,node_16,12810,12810,12.81,1000,0.027
node_56,node_12,13390,13390,13.39,1200,0.005
node_18,node_52,21840,21840,21.84,800,0.007
node_79,node_50,16420,16420,16.42,1000,0.026
node_68,node_48,23880,23880,23.88,1200,0.027
node_4,node_79,2180,2180,2.18,1000,0.03
node_11,node_55,24470,24470,24.47,500,0.016
node_38,node_3,1630,1630,1.63,500,0.012
node_47,node_55,4070,4070,4.07,1200,0.019
node_23,node_21,4790,4790,4.79,1200,0.02
node_30,node_63,22860,22860,22.86,800,0.011
node_32,node_58,6760,6760,6.76,500,0.027
node_59,node_36,17100,17100,17.1,800,0.007
node_44,node_75,7830,7830,7.83,1200,0.022
node_25,node_49,21410,21410,21.41,500,0.011
node_73,node_45,14580,14580,14.58,1000,0.006
node_50,node_35,700,700,0.7,500,0.028
node_63,node_36,19510,19510,19.51,800,0.02
node_45,node_28,16100,16100,16.1,1000,0.022
node_17,node_12,22630,22630,22.63,500,0.013
node_56,node_4,14700,14700,14.7,800,0.007
node_37,node_41,18810,18810,18.81,800,0.01
node_69,node_46,13510,13510,13.51,1000,0.026
node_37,node_43,20200,20200,20.2,1200,0.029
node_18,node_28,21570,21570,21.57,1200,0.029
node_71,node_46,2710,2710,2.71,1200,0.005
node_58,node_47,16980,16980,16.98,1000,0.02
node_47,node_13,17030,17030,17.03,1200,0.006
node_71,node_41,22920,22920,22.92,800,0.021
node_59,node_38,16410,16410,16.41,500,0.008
node_4,node_38,24900,24900,24.9,500,0.007
node_68,node_17,10020,10020,10.02,1000,0.022
node_75,node_19,22190,22190,22.19,500,0.026
node_78,node_52,23510,23510,23.51,1000,0.006
node_47,node_27,11360,11360,11.36,800,0.026
node_12,node_47,13840,13840,13.84,1000,0.007
node_35,node_24,24220,24220,24.22,1200,0.007
node_27,node_76,24290,24290,24.29,500,0.025
node_31,node_16,19780,19780,19.78,800,0.007
node_70,node_26,14870,14870,14.87,800,0.013
node_18,node_76,570,570,0.57,800,0.03
node_69,node_32,20060,20060,20.06,500,0.022
node_3,node_16,860,860,0.86,800,0.02
node_2,node_22,7000,7000,7.0,800,0.024
node_67,node_14,18770,18770,18.77,1200,0.016
node_46,node_65,15040,15040,15.04,1200,0.018
node_78,node_5,18320,18320,18.32,1000,0.016
node_3,node_7,24970,24970,24.97,1200,0.016
node_13,node_62,17950,17950,17.95,1200,0.007
node_10,node_41,15400,15400,15.4,500,0.008
node_79,node_74,13930,13930,13.93,1000,0.015
node_76,node_67,7720,7720,7.72,1200,0.007
node_14,node_70,18160,18160,18.16,800,0.016
node_29,node_52,8800,8800,8.8,1200,0.015
node_12,node_40,10960,10960,10.96,1000,0.014
node_19,node_60,2140,2140,2.14,500,0.007
node_16,node_71,1970,1970,1.97,1000,0.022
node_52,node_45,21900,21900,21.9,1200,0.027
node_6,node_36,15210,15210,15.21,1000,0.008
node_64,node_27,4290,4290,4.29,1200,0.011
node_13,node_44,21210,21210,21.21,1000,0.008
node_35,node_73,6040,6040,6.04,1200,0.026
node_79,node_78,17040,17040,17.04,500,0.02
node_34,node_3,4920,4920,4.92,1000,0.028
node_44,node_0,4940,4940,4.94,800,0.019
node_51,node_8,3980,3980,3.98,500,0.007
node_67,node_27,9720,9720,9.72,1200,0.014
node_47,node_39,18180,18180,18.18,500,0.027
node_79,node_6,17010,17010,17.01,1000,0.016
node_54,node_62,15370,15370,15.37,1200,0.012
node_44,node_55,3220,3220,3.22,1200,0.018
node_39,node_5,5900,5900,5.9,500,0.005
node_38,node_27,19300,19300,19.3,1000,0.012