source,target,length,cost,weight,capacity,failure_prob
node_0,node_2,12.968822569928733,12968.822569928732,12968.822569928732,1000,0.0056252688805666735
node_0,node_8,5.863071708197825,5863.0717081978255,5863.0717081978255,1000,0.010580268453720568
node_0,node_10,14.861188676198243,14861.188676198242,14861.188676198242,1000,0.021917487185572782
node_0,node_13,17.897501570244486,17897.501570244487,17897.501570244487,1000,0.007173470815735404
node_0,node_20,8.727475483862774,8727.475483862774,8727.475483862774,1000,0.0057449304859517585
node_0,node_27,4.763440508670266,4763.440508670266,4763.440508670266,1000,0.017633882202584057
node_0,node_28,1.0174514088353406,1017.4514088353405,1017.4514088353405,1000,0.009970941267166213
node_0,node_42,13.172746536700702,13172.746536700703,13172.746536700703,1000,0.018623537015080415
node_0,node_45,4.798592129793586,4798.592129793586,4798.592129793586,1000,0.019731642096897716
node_0,node_47,16.283893905217617,16283.893905217617,16283.893905217617,1000,0.005162468991951525
node_1,node_20,16.213475410739754,16213.475410739755,16213.475410739755,1000,0.02245348487470567
node_1,node_41,7.134885072100841,7134.885072100841,7134.885072100841,1000,0.008886987495294539
node_1,node_42,19.165654908032234,19165.654908032233,19165.654908032233,1000,0.01341486362781567
node_1,node_43,2.3085439459128843,2308.5439459128843,2308.5439459128843,1000,0.0074179094208366
node_1,node_47,17.026140143775464,17026.140143775465,17026.140143775465,1000,0.020093150784172276
node_2,node_6,16.239001328850414,16239.001328850414,16239.001328850414,1000,0.023243294667345447
node_2,node_12,10.956447783366665,10956.447783366664,10956.447783366664,1000,0.029327894099484265
node_2,node_30,7.881420355562893,7881.420355562893,7881.420355562893,1000,0.018801015781830674
node_2,node_32,16.6733909529334,16673.390952933398,16673.390952933398,1000,0.02046299380910615
node_2,node_37,17.303284556060156,17303.284556060156,17303.284556060156,1000,0.01943380363141905
node_2,node_40,14.239150806191008,14239.150806191008,14239.150806191008,1000,0.006145609591391555
node_2,node_42,4.944016375205163,4944.016375205163,4944.016375205163,1000,0.012234699090052679
node_3,node_20,2.055943550010736,2055.943550010736,2055.943550010736,1000,0.010819772159025754
node_3,node_25,2.4695278734897177,2469.527873489718,2469.527873489718,1000,0.011949340077752302
node_3,node_36,12.895846663155803,12895.846663155802,12895.846663155802,1000,0.014120804474252107
node_3,node_43,7.718528858779211,7718.528858779211,7718.528858779211,1000,0.010237675769287191
node_4,node_12,5.706067529957711,5706.067529957711,5706.067529957711,1000,0.02841636469281235
node_4,node_22,13.136690012308573,13136.690012308574,13136.690012308574,1000,0.020228275141674704
node_4,node_39,3.8372036398628913,3837.203639862891,3837.203639862891,1000,0.023228169948758728
node_4,node_45,3.6863486283576035,3686.3486283576035,3686.3486283576035,1000,0.014486386043941195
node_5,node_6,19.795705337413608,19795.70533741361,19795.70533741361,1000,0.02099999399635232
node_5,node_23,11.360520003605602,11360.520003605603,11360.520003605603,1000,0.022115356274746863
node_5,node_27,16.935612443701288,16935.612443701288,16935.612443701288,1000,0.02439999778865612
node_5,node_40,4.966437403300035,4966.437403300035,4966.437403300035,1000,0.005802506097600944
node_5,node_46,6.651334437152097,6651.334437152097,6651.334437152097,1000,0.011693521899392567
node_5,node_47,4.614165449933366,4614.165449933366,4614.165449933366,1000,0.02857274285837636
node_6,node_15,17.589168716217042,17589.168716217042,17589.168716217042,1000,0.012866947019961949
node_6,node_18,13.281053973250161,13281.053973250162,13281.053973250162,1000,0.014890797526516605
node_6,node_25,18.333677999940598,18333.6779999406,18333.6779999406,1000,0.01647129631468497
node_6,node_26,5.665163246712023,5665.163246712023,5665.163246712023,1000,0.011165687692349586
node_6,node_41,11.44667861618144,11446.67861618144,11446.67861618144,1000,0.01156854021307338
node_7,node_10,11.89942680935904,11899.42680935904,11899.42680935904,1000,0.027445572090061925
node_7,node_19,8.288309850237747,8288.309850237747,8288.309850237747,1000,0.010483018978932083
node_7,node_28,19.95198332665465,19951.98332665465,19951.98332665465,1000,0.01773815734191161
node_7,node_39,2.272733537388981,2272.733537388981,2272.733537388981,1000,0.006177909385618364
node_7,node_44,2.6381580418378534,2638.1580418378535,2638.1580418378535,1000,0.02068615104257725
node_8,node_13,15.9455476050778,15945.547605077802,15945.547605077802,1000,0.0155539991699921
node_8,node_20,1.738790269963164,1738.790269963164,1738.790269963164,1000,0.014540482162663418
node_8,node_39,19.924366914681887,19924.366914681887,19924.366914681887,1000,0.018227858627478423
node_9,node_11,19.436028363465553,19436.028363465553,19436.028363465553,1000,0.026519492555862452
node_9,node_20,0.7238799278849829,723.8799278849829,723.8799278849829,1000,0.023018045484004865
node_9,node_24,13.793352196018208,13793.352196018208,13793.352196018208,1000,0.01842425826021988
node_9,node_32,5.7030912040745845,5703.091204074584,5703.091204074584,1000,0.0210240449644952
node_9,node_35,2.6752673851195903,2675.2673851195905,2675.2673851195905,1000,0.015869131266727624
node_9,node_40,9.347612273419525,9347.612273419525,9347.612273419525,1000,0.028845398188027
node_10,node_26,17.579132337374784,17579.132337374784,17579.132337374784,1000,0.011584726268777268
node_10,node_35,10.261429204480818,10261.429204480817,10261.429204480817,1000,0.009466297013253284
node_10,node_47,18.296242867224,18296.242867224,18296.242867224,1000,0.02676296424591917
node_11,node_21,6.319673433248341,6319.673433248341,6319.673433248341,1000,0.02097373737165013
node_11,node_29,12.37491912304436,12374.919123044361,12374.919123044361,1000,0.00882098171374087
node_11,node_32,15.36896060146545,15368.96060146545,15368.96060146545,1000,0.018484475752990642
node_11,node_36,15.683216333295885,15683.216333295884,15683.216333295884,1000,0.018258841804879435
node_11,node_45,0.5111519744948984,511.15197449489835,511.15197449489835,1000,0.013103901425116828
node_11,node_46,0.8797964765237298,879.7964765237298,879.7964765237298,1000,0.028227465406615426
node_12,node_19,17.63507661755209,17635.07661755209,17635.07661755209,1000,0.025791638234029485
node_12,node_30,6.496525445351898,6496.525445351897,6496.525445351897,1000,0.006448129162354689
node_12,node_33,17.621187184478792,17621.187184478793,17621.187184478793,1000,0.02867373613244985
node_12,node_34,2.170242315323636,2170.242315323636,2170.242315323636,1000,0.017149761582915344
node_12,node_40,1.8496441101334804,1849.6441101334804,1849.6441101334804,1000,0.024015054131430787
node_12,node_43,15.43377137148626,15433.77137148626,15433.77137148626,1000,0.00820978661249407
node_13,node_21,9.76800637292526,9768.00637292526,9768.00637292526,1000,0.018745089837373597
node_13,node_38,5.668604264331153,5668.604264331153,5668.604264331153,1000,0.026810826027131435
node_13,node_44,8.751189833917294,8751.189833917295,8751.189833917295,1000,0.010294955136052051
node_14,node_18,11.016273731199437,11016.273731199437,11016.273731199437,1000,0.023248276727249405
node_14,node_20,4.42244573609907,4422.44573609907,4422.44573609907,1000,0.012792907282522373
node_14,node_28,19.905412454887447,19905.412454887446,19905.412454887446,1000,0.021246951440986338
node_14,node_43,9.042951636332829,9042.95163633283,9042.95163633283,1000,0.017939396025889766
node_15,node_19,2.8595818194311815,2859.5818194311814,2859.5818194311814,1000,0.010617433425788934
node_15,node_23,7.092668461875379,7092.668461875379,7092.668461875379,1000,0.01970771796143083
node_15,node_37,4.987237285633252,4987.237285633251,4987.237285633251,1000,0.010505434611288986
node_15,node_42,1.8843651771761345,1884.3651771761345,1884.3651771761345,1000,0.02077757393175247
node_15,node_44,4.96436478431751,4964.36478431751,4964.36478431751,1000,0.027635500325153196
node_15,node_49,17.26289030494806,17262.890304948058,17262.890304948058,1000,0.006771433747216336
node_16,node_36,5.141090370195407,5141.090370195407,5141.090370195407,1000,0.021724444457407014
node_16,node_37,4.677617743723553,4677.617743723553,4677.617743723553,1000,0.008307796218125624
node_17,node_24,18.742527691323083,18742.527691323085,18742.527691323085,1000,0.01927607733313211
node_17,node_36,9.717085013079986,9717.085013079986,9717.085013079986,1000,0.024615485607268835
node_17,node_37,16.246191456449544,16246.191456449544,16246.191456449544,1000,0.009760247859046943
node_17,node_41,2.390150877462055,2390.1508774620547,2390.1508774620547,1000,0.015776279560159437
node_17,node_49,8.759783148888456,8759.783148888457,8759.783148888457,1000,0.016675616700916874
node_18,node_27,14.716979064467086,14716.979064467087,14716.979064467087,1000,0.021834113682332536
node_19,node_35,19.69122162163634,19691.22162163634,19691.22162163634,1000,0.007460446778798972
node_19,node_39,8.351115000994241,8351.115000994241,8351.115000994241,1000,0.013482565134874079
node_20,node_48,17.302614458879425,17302.614458879427,17302.614458879427,1000,0.011216408348007141
node_21,node_29,4.209073714595824,4209.073714595825,4209.073714595825,1000,0.016215338695828297
node_22,node_27,8.726691976770882,8726.691976770882,8726.691976770882,1000,0.011963628616673511
node_22,node_28,5.3712257337009595,5371.22573370096,5371.22573370096,1000,0.02808163998190032
node_22,node_34,9.14104952854241,9141.049528542411,9141.049528542411,1000,0.026533727619045763
node_22,node_40,11.231343592772037,11231.343592772037,11231.343592772037,1000,0.006264708238122031
node_22,node_49,19.98600813404817,19986.00813404817,19986.00813404817,1000,0.025900689626998798
node_23,node_32,19.39542701705265,19395.42701705265,19395.42701705265,1000,0.02815917457520319
node_24,node_33,17.049566821078958,17049.56682107896,17049.56682107896,1000,0.00915777776509785
node_25,node_30,9.97000194628901,9970.00194628901,9970.00194628901,1000,0.010343682479979542
node_25,node_46,8.320285704714326,8320.285704714326,8320.285704714326,1000,0.006465884999304473
node_26,node_34,7.889975820049864,7889.9758200498645,7889.9758200498645,1000,0.029632721094493147
node_26,node_42,5.671459634356963,5671.459634356963,5671.459634356963,1000,0.024601765048714235
node_26,node_44,9.372663163113295,9372.663163113295,9372.663163113295,1000,0.015575187149754071
node_26,node_49,19.167693996763628,19167.693996763628,19167.693996763628,1000,0.029885567237317844
node_27,node_36,11.337482306409555,11337.482306409554,11337.482306409554,1000,0.02296020688240815
node_27,node_47,3.5185380928442505,3518.5380928442505,3518.5380928442505,1000,0.012417695637364105
node_28,node_30,19.389832616898598,19389.8326168986,19389.8326168986,1000,0.019479507270406406
node_28,node_35,11.072806426798348,11072.806426798348,11072.806426798348,1000,0.0236993890094766
node_28,node_48,1.61472282169592,1614.72282169592,1614.72282169592,1000,0.01960443986147428
node_29,node_33,10.305582466930515,10305.582466930515,10305.582466930515,1000,0.02631799730120713
node_29,node_41,3.569938194819924,3569.938194819924,3569.938194819924,1000,0.029019472581861258
node_29,node_48,2.062173572191444,2062.1735721914442,2062.1735721914442,1000,0.00964562402451808
node_29,node_49,12.10318457577554,12103.18457577554,12103.18457577554,1000,0.021880313840102254
node_30,node_35,5.086475952518159,5086.475952518159,5086.475952518159,1000,0.007997165348678104
node_30,node_42,17.86060262552403,17860.602625524032,17860.602625524032,1000,0.011155383694715621
node_30,node_45,12.093123493902104,12093.123493902103,12093.123493902103,1000,0.020484537758302578
node_31,node_33,8.674885849049513,8674.885849049513,8674.885849049513,1000,0.019591807232280618
node_31,node_39,10.694262952873197,10694.262952873198,10694.262952873198,1000,0.02836765644341068
node_31,node_40,4.48305438875896,4483.05438875896,4483.05438875896,1000,0.022904795019735368
node_31,node_42,5.154376076008997,5154.376076008997,5154.376076008997,1000,0.014894646169781364
node_32,node_34,13.59795934771944,13597.95934771944,13597.95934771944,1000,0.012499926994969055
node_32,node_46,6.665455327301154,6665.455327301154,6665.455327301154,1000,0.023796612310360052
node_33,node_36,1.9145907326165676,1914.5907326165677,1914.5907326165677,1000,0.01645713806546465
node_33,node_38,19.969861596661627,19969.861596661627,19969.861596661627,1000,0.02990241119637736
node_33,node_39,1.9285840614428436,1928.5840614428434,1928.5840614428434,1000,0.01032885780667601
node_34,node_44,5.671408087632826,5671.408087632826,5671.408087632826,1000,0.028331484449842726
node_35,node_41,17.67685138688557,17676.85138688557,17676.85138688557,1000,0.026981756062113567
node_35,node_49,7.705778230408237,7705.778230408237,7705.778230408237,1000,0.008943670808930798
node_36,node_42,16.758026615476236,16758.026615476236,16758.026615476236,1000,0.022588498127184272
node_37,node_39,12.427716431656027,12427.716431656027,12427.716431656027,1000,0.029680826590787607
node_37,node_40,13.252538195359286,13252.538195359286,13252.538195359286,1000,0.005195577678803949
node_38,node_39,16.433530634751502,16433.530634751503,16433.530634751503,1000,0.012484468804999448
node_38,node_45,13.436079941838507,13436.079941838507,13436.079941838507,1000,0.028473250098177597
node_38,node_48,3.1186767306706704,3118.6767306706706,3118.6767306706706,1000,0.007885716760477555
node_39,node_44,2.587201565333644,2587.2015653336443,2587.2015653336443,1000,0.018830591022120396
node_40,node_43,5.810790140138918,5810.790140138918,5810.790140138918,1000,0.020120745675755596
node_40,node_45,14.493437649206559,14493.437649206558,14493.437649206558,1000,0.010089932808186323
node_40,node_46,12.867640198259055,12867.640198259056,12867.640198259056,1000,0.011599597540760235
node_41,node_45,10.026371116912843,10026.371116912844,10026.371116912844,1000,0.02763341227698308
node_41,node_46,16.999022409249683,16999.022409249683,16999.022409249683,1000,0.007307461692818335
node_42,node_45,8.759727564992664,8759.727564992663,8759.727564992663,1000,0.011917005599306292
node_44,node_45,0.5691409372117548,569.1409372117548,569.1409372117548,1000,0.024277980575490677
